device,feature,budget,default_maa_pct,default_ms,on_maa_pct,on_ms,maa_change_pp,time_ratio
cpu,sift,256,20.333333333333332,3.1173067570281483,23.190476190476193,10.167063230453225,2.857142857142861,3.261489491700165
cpu,sift,1024,24.619047619047617,4.513119651393416,26.80952380952381,13.033962801761975,2.1904761904761934,2.8880162301342414
cpu,sift,4096,24.952380952380953,6.682333577264217,25.476190476190485,15.472279005708904,0.5238095238095326,2.3154005747859325
cpu,sift,16384,25.0,10.45178503168115,25.142857142857146,19.83458363473931,0.1428571428571459,1.8977221187210886
cpu,sift8k,256,23.444444444444443,3.1176770747163878,21.333333333333336,9.771064523714207,-2.111111111111107,3.1340848617565924
cpu,sift8k,1024,26.555555555555554,4.937048168285401,25.111111111111107,12.331464914920312,-1.4444444444444464,2.4977404502826506
cpu,sift8k,4096,26.666666666666668,7.506108420129749,26.66666666666667,15.325484433633392,3.552713678800501e-15,2.0417350211107768
cpu,sift8k,16384,25.77777777777778,14.211259004053622,25.666666666666664,23.715452699931728,-0.11111111111111427,1.6687791485024042
cpu,aliked_lightglue,256,71.8095238095238,4.149330959252048,72.04761904761902,18.729665628935827,0.2380952380952266,4.513900147485947
cpu,aliked_lightglue,1024,71.8095238095238,4.124783129923993,71.99999999999997,18.539005040802294,0.1904761904761756,4.49454055082501
cpu,aliked_lightglue,4096,71.8095238095238,4.1608610071541205,72.09523809523807,19.104164406370337,0.2857142857142776,4.591396918455803
cpu,aliked_lightglue,16384,71.8095238095238,4.16066740147861,72.14285714285712,18.890780354091216,0.3333333333333286,4.540324551627907
cuda,sift,256,20.380952380952376,5.999768880730179,22.666666666666664,18.13091358114824,2.2857142857142883,3.0219353347727096
cuda,sift,1024,24.952380952380953,6.098209225050856,26.190476190476193,19.948777682314226,1.2380952380952408,3.27125176361063
cuda,sift,4096,28.76190476190476,6.645173623567514,28.476190476190478,24.23805093883337,-0.28571428571428115,3.647466915367214
cuda,sift,16384,28.47619047619047,8.929319562802059,28.47619047619048,30.572073036892107,1.0658141036401503e-14,3.423785297622214
cuda,sift8k,256,24.22222222222222,5.888036648223836,23.666666666666668,19.031582030511345,-0.5555555555555536,3.232245851637548
cuda,sift8k,1024,28.444444444444443,5.886656383348357,27.555555555555557,21.04732549286079,-0.8888888888888857,3.575429602515541
cuda,sift8k,4096,28.555555555555557,6.517511768324766,28.000000000000004,27.11079246607066,-0.5555555555555536,4.159684466981654
cuda,sift8k,16384,31.666666666666664,9.234709341811444,31.222222222222225,35.1970016311437,-0.4444444444444393,3.8113816394614966
cuda,aliked_lightglue,256,71.42857142857142,6.299393750024527,72.19047619047618,31.69665390116279,0.7619047619047592,5.03169910613055
cuda,aliked_lightglue,1024,71.71428571428571,6.2868283792132775,72.09523809523807,35.51776352567166,0.3809523809523654,5.649551949454725
cuda,aliked_lightglue,4096,72.6190476190476,7.606625500058207,72.76190476190474,46.44704507395675,0.1428571428571388,6.106130119538728
cuda,aliked_lightglue,16384,72.33333333333331,10.00284256689026,72.38095238095235,63.41446541906667,0.04761904761903679,6.339644455564127
