device,feature,budget,base_maa,pr_maa,delta_percentage_points,base_ms,pr_ms,time_ratio
cpu,sift,256,0.2033333333333333,0.23190476190476192,2.8571428571428608,3.1357083499980427,13.499755620889898,4.305169395265451
cpu,sift,1024,0.24619047619047615,0.2680952380952381,2.1904761904761956,4.575829962122953,16.526647467326256,3.6117267477436448
cpu,sift,4096,0.24952380952380954,0.25476190476190486,0.5238095238095319,6.718884478593411,19.341275612158434,2.87864386919888
cpu,sift,16384,0.25,0.25142857142857145,0.14285714285714457,10.517524202763784,23.797314505624986,2.2626346321477016
cpu,sift8k,256,0.23444444444444443,0.21333333333333335,-2.111111111111108,3.113178329973986,12.611090121077723,4.050873025697536
cpu,sift8k,1024,0.26555555555555554,0.25111111111111106,-1.4444444444444482,4.96725516000879,15.215528816527998,3.06316634165036
cpu,sift8k,4096,0.26666666666666666,0.2666666666666667,5.551115123125783e-15,7.621376825118205,18.375835829186446,2.411091361947117
cpu,sift8k,16384,0.2577777777777778,0.25666666666666665,-0.11111111111111183,14.305001407628879,27.174280125303387,1.899634914458051
cpu,aliked_lightglue,256,0.718095238095238,0.7204761904761903,0.23809523809522615,4.121167566440168,22.392237675542543,5.433469354143438
cpu,aliked_lightglue,1024,0.718095238095238,0.7199999999999998,0.19047619047617426,4.137825772933346,22.409645550090186,5.415802109571125
cpu,aliked_lightglue,4096,0.718095238095238,0.7209523809523808,0.28571428571427804,4.119779852834264,22.660359903779213,5.5003812614379575
cpu,aliked_lightglue,16384,0.718095238095238,0.7214285714285713,0.33333333333332993,4.12230591646221,22.690186282145856,5.504246104476089
cuda,sift,256,0.20380952380952377,0.22666666666666666,2.2857142857142883,5.966802338537361,24.442829697977036,4.0964704897478965
cuda,sift,1024,0.24952380952380954,0.2619047619047619,1.2380952380952381,5.974426957857629,27.67082475186076,4.631544572733926
cuda,sift,4096,0.2876190476190476,0.28476190476190477,-0.2857142857142836,6.537762880720298,33.481487380631734,5.121245293151854
cuda,sift,16384,0.2847619047619047,0.2847619047619048,1.1102230246251565e-14,8.87029199646869,42.324698149126824,4.771511260956968
cuda,sift8k,256,0.24222222222222223,0.23666666666666666,-0.5555555555555564,5.985170464870559,24.34546158294931,4.067630441913542
cuda,sift8k,1024,0.28444444444444444,0.27555555555555555,-0.8888888888888891,6.085833926626947,27.99965649736502,4.600792074667035
cuda,sift8k,4096,0.28555555555555556,0.28,-0.5555555555555536,6.707841213307499,35.32852987089427,5.266751067512896
cuda,sift8k,16384,0.31666666666666665,0.31222222222222223,-0.44444444444444176,9.484666735152132,45.44212415935666,4.791114482803994
cuda,aliked_lightglue,256,0.7142857142857142,0.7219047619047617,0.7619047619047525,6.253322228575208,35.79274719094558,5.723797028623744
cuda,aliked_lightglue,1024,0.7171428571428571,0.7209523809523808,0.3809523809523707,6.375369175771733,41.148148679660935,6.45423779316748
cuda,aliked_lightglue,4096,0.726190476190476,0.7276190476190474,0.14285714285713347,7.591737762164224,54.44057675151271,7.17102967160354
cuda,aliked_lightglue,16384,0.7233333333333332,0.7238095238095236,0.04761904761904079,10.029490322132395,72.04908827781243,7.1837237948990715
